customer_state,pedidos,dias_medio,dias_mediana,pct_atraso
RR,41,29.0,25.0,12.2
AP,67,26.7,24.0,4.5
AM,145,26.0,25.0,4.1
AL,397,24.0,22.0,23.9
PA,946,23.3,21.0,12.4
MA,717,21.1,19.0,19.7
SE,335,21.0,18.0,15.2
CE,1279,20.8,18.0,15.3
AC,80,20.6,18.0,3.8
PB,517,20.0,18.0,11.0
PI,476,19.0,16.0,16.0
BA,3256,18.9,16.0,14.0
RO,243,18.9,17.0,2.9
RN,474,18.8,16.0,10.8
PE,1593,18.0,15.0,10.8
MT,886,17.6,16.0,6.8
TO,274,17.2,15.0,12.8
ES,1995,15.3,13.0,12.2
GO,1957,15.2,13.0,8.2
MS,701,15.2,13.0,11.6
RJ,12350,14.8,12.0,13.5
RS,5344,14.8,13.0,7.1
SC,3546,14.5,13.0,9.8
DF,2080,12.5,11.0,7.1
MG,11354,11.5,10.0,5.6
PR,4923,11.5,10.0,5.0
SP,40494,8.3,7.0,5.9
